character2,character1
Yacht,Symphony
Launched,Symphony
Exterior,Symphony
Pearson,Blackburn
Fibrosis,Agutter
Winstone,Hardman
Blend,Italiano
Favorov,Rick
Texan,RapRadar
Spirit,RapRadar
Tie,Glitz
Debate,Shakhtar
Models,Serghinio
Bagram,Zabihullah
TRAIN,FREIGHT
Fitzsimmons,Kurrajong
NT,Vivian
Gaza,Nazareth
Sant,Arlette
Bashaud,NT
Berube,TUA
Drinkaware,Sen
SHARKS,McIlhenny
Theresa,Extinction
Weinstein,Extinction
Savile,Extinction
Executives,Manufacturing
Ambedkar,Tamil
Fukushima,TEPCO
Stepin,Kenan
Weinstein,Theresa
Savile,Theresa
April,Hardworking
Savile,Weinstein
Rik,Tsou
Specialists,Tsou
Chu,Tsou
Assam,Karnataka
Stumbling,Kuraly
Pitt,Pickett
Texan,Koma
Luton,Henning
Knievel,Telephone
Ginger,Telephone
Dontavius,Shaquill
OLB,Shaquill
OLB,Dontavius
Shai,Kieron
Drug,Sheehan
Maps,Surrey
Berube,Blues
Spirit,Texan
Cafaro,Araujo
Colts,Panthers
Benzino,Rios
Ginger,Knievel
Searle,Heta
Launched,Yacht
Exterior,Yacht
Exterior,Launched
Didier,Cafaro
Wollemi,PINE
Square,Rockefeller
DEFINITION,PASSPORT
UTRGV,Agbaji
BERNIE,Hillary
CBC,Oleksiak
NICE,Teaching
Specialists,Rik
Chu,Rik
Shai,Keemo
BERNIE,Born
Favorov,Energy
McKeon,Energy
Brannstrom,Ottawa
Chu,Specialists
Hamed,Gattuso
